id,category,title,description,price,inventory_status,rating,image_url
SKU-10000,Apparel,Cymbal Comfort Apparel Hat,Experience the comfort design of our apparel hat. Perfect for training and competition.,195.65,IN_STOCK,4.9,https://storage.googleapis.com/cymbal-sports/placeholder.png
SKU-10001,Soccer,Cymbal Tech Soccer Shin Guards,Experience the tech design of our soccer shin guards. Perfect for training and competition.,183.99,IN_STOCK,3.5,https://storage.googleapis.com/cymbal-sports/placeholder.png
SKU-10002,Yoga,Cymbal Elite Yoga Leggings,Experience the elite design of our yoga leggings. Perfect for training and competition.,112.21,IN_STOCK,4.5,https://storage.googleapis.com/cymbal-sports/placeholder.png
SKU-10003,Yoga,Cymbal Performance Yoga Block,Experience the performance design of our yoga block. Perfect for training and competition.,97.99,IN_STOCK,4.7,https://storage.googleapis.com/cymbal-sports/placeholder.png
SKU-10004,Soccer,Cymbal Performance Soccer Shin Guards,Experience the performance design of our soccer shin guards. Perfect for training and competition.,126.2,IN_STOCK,4.0,https://storage.googleapis.com/cymbal-sports/placeholder.png
SKU-10005,Boxing,Cymbal Comfort Boxing Punching Bag,Experience the comfort design of our boxing punching bag. Perfect for training and competition.,178.94,IN_STOCK,4.7,https://storage.googleapis.com/cymbal-sports/placeholder.png
SKU-10006,Running,Cymbal Performance Running Vest,Experience the performance design of our running vest. Perfect for training and competition.,144.51,LOW_STOCK,4.7,https://storage.googleapis.com/cymbal-sports/placeholder.png
SKU-10007,Basketball,Cymbal Lightweight Basketball Jersey,Experience the lightweight design of our basketball jersey. Perfect for training and competition.,132.71,IN_STOCK,4.8,https://storage.googleapis.com/cymbal-sports/placeholder.png
SKU-10008,Apparel,Cymbal Performance Apparel Jacket,Experience the performance design of our apparel jacket. Perfect for training and competition.,112.31,IN_STOCK,5.0,https://storage.googleapis.com/cymbal-sports/placeholder.png
SKU-10009,Yoga,Cymbal Vent Yoga Block,Experience the vent design of our yoga block. Perfect for training and competition.,47.48,IN_STOCK,3.5,https://storage.googleapis.com/cymbal-sports/placeholder.png
SKU-10010,Boxing,Cymbal Elite Boxing Wraps,Experience the elite design of our boxing wraps. Perfect for training and competition.,83.27,LOW_STOCK,5.0,https://storage.googleapis.com/cymbal-sports/placeholder.png
SKU-10011,Soccer,Cymbal Lightweight Soccer Cleats,Experience the lightweight design of our soccer cleats. Perfect for training and competition.,40.72,LOW_STOCK,4.0,https://storage.googleapis.com/cymbal-sports/placeholder.png
SKU-10012,Boxing,Cymbal Elite Boxing Shoes,Experience the elite design of our boxing shoes. Perfect for training and competition.,67.24,IN_STOCK,4.8,https://storage.googleapis.com/cymbal-sports/placeholder.png
SKU-10013,Apparel,Cymbal Speed Apparel Jacket,Experience the speed design of our apparel jacket. Perfect for training and competition.,73.77,LOW_STOCK,4.9,https://storage.googleapis.com/cymbal-sports/placeholder.png
SKU-10014,Basketball,Cymbal Pro Basketball Jersey,Experience the pro design of our basketball jersey. Perfect for training and competition.,111.32,IN_STOCK,4.9,https://storage.googleapis.com/cymbal-sports/placeholder.png
SKU-10015,Boxing,Cymbal Elite Boxing Gloves,Experience the elite design of our boxing gloves. Perfect for training and competition.,98.82,IN_STOCK,5.0,https://storage.googleapis.com/cymbal-sports/placeholder.png
SKU-10016,Basketball,Cymbal Comfort Basketball Shorts,Experience the comfort design of our basketball shorts. Perfect for training and competition.,45.46,LOW_STOCK,5.0,https://storage.googleapis.com/cymbal-sports/placeholder.png
SKU-10017,Basketball,Cymbal Speed Basketball Headband,Experience the speed design of our basketball headband. Perfect for training and competition.,159.59,IN_STOCK,3.8,https://storage.googleapis.com/cymbal-sports/placeholder.png
SKU-10018,Yoga,Cymbal Elite Yoga Mat,Experience the elite design of our yoga mat. Perfect for training and competition.,87.19,IN_STOCK,4.2,https://storage.googleapis.com/cymbal-sports/placeholder.png
SKU-10019,Apparel,Cymbal Lightweight Apparel Jacket,Experience the lightweight design of our apparel jacket. Perfect for training and competition.,145.1,LOW_STOCK,3.8,https://storage.googleapis.com/cymbal-sports/placeholder.png
SKU-10020,Soccer,Cymbal Lightweight Soccer Shorts,Experience the lightweight design of our soccer shorts. Perfect for training and competition.,85.6,IN_STOCK,4.9,https://storage.googleapis.com/cymbal-sports/placeholder.png
SKU-10021,Boxing,Cymbal Comfort Boxing Wraps,Experience the comfort design of our boxing wraps. Perfect for training and competition.,88.37,IN_STOCK,4.5,https://storage.googleapis.com/cymbal-sports/placeholder.png
SKU-10022,Boxing,Cymbal Ultra Boxing Shoes,Experience the ultra design of our boxing shoes. Perfect for training and competition.,111.16,IN_STOCK,4.8,https://storage.googleapis.com/cymbal-sports/placeholder.png
SKU-10023,Apparel,Cymbal Pro Apparel T-Shirt,Experience the pro design of our apparel t-shirt. Perfect for training and competition.,125.9,LOW_STOCK,4.9,https://storage.googleapis.com/cymbal-sports/placeholder.png
SKU-10024,Soccer,Cymbal Tech Soccer Cleats,Experience the tech design of our soccer cleats. Perfect for training and competition.,58.78,IN_STOCK,4.0,https://storage.googleapis.com/cymbal-sports/placeholder.png
SKU-10025,Basketball,Cymbal Speed Basketball Headband,Experience the speed design of our basketball headband. Perfect for training and competition.,192.65,IN_STOCK,4.8,https://storage.googleapis.com/cymbal-sports/placeholder.png
SKU-10026,Boxing,Cymbal Performance Boxing Headgear,Experience the performance design of our boxing headgear. Perfect for training and competition.,84.33,IN_STOCK,4.7,https://storage.googleapis.com/cymbal-sports/placeholder.png
SKU-10027,Soccer,Cymbal Durable Soccer Ball,Experience the durable design of our soccer ball. Perfect for training and competition.,119.4,IN_STOCK,4.8,https://storage.googleapis.com/cymbal-sports/placeholder.png
SKU-10028,Running,Cymbal Elite Running Vest,Experience the elite design of our running vest. Perfect for training and competition.,29.0,IN_STOCK,4.0,https://storage.googleapis.com/cymbal-sports/placeholder.png
SKU-10029,Apparel,Cymbal Tech Apparel Hat,Experience the tech design of our apparel hat. Perfect for training and competition.,142.91,IN_STOCK,4.8,https://storage.googleapis.com/cymbal-sports/placeholder.png
SKU-10030,Soccer,Cymbal Speed Soccer Ball,Experience the speed design of our soccer ball. Perfect for training and competition.,159.77,IN_STOCK,4.7,https://storage.googleapis.com/cymbal-sports/placeholder.png
SKU-10031,Running,Cymbal Durable Running Shoes,Experience the durable design of our running shoes. Perfect for training and competition.,107.95,IN_STOCK,3.5,https://storage.googleapis.com/cymbal-sports/placeholder.png
SKU-10032,Running,Cymbal Ultra Running Shorts,Experience the ultra design of our running shorts. Perfect for training and competition.,145.59,IN_STOCK,4.5,https://storage.googleapis.com/cymbal-sports/placeholder.png
SKU-10033,Basketball,Cymbal Durable Basketball Sneakers,Experience the durable design of our basketball sneakers. Perfect for training and competition.,20.59,IN_STOCK,4.2,https://storage.googleapis.com/cymbal-sports/placeholder.png
SKU-10034,Running,Cymbal Elite Running Shoes,Experience the elite design of our running shoes. Perfect for training and competition.,183.65,IN_STOCK,3.5,https://storage.googleapis.com/cymbal-sports/placeholder.png
SKU-10035,Apparel,Cymbal Elite Apparel Leggings,Experience the elite design of our apparel leggings. Perfect for training and competition.,133.34,IN_STOCK,4.8,https://storage.googleapis.com/cymbal-sports/placeholder.png
SKU-10036,Apparel,Cymbal Lightweight Apparel Jacket,Experience the lightweight design of our apparel jacket. Perfect for training and competition.,166.02,LOW_STOCK,4.2,https://storage.googleapis.com/cymbal-sports/placeholder.png
SKU-10037,Running,Cymbal Elite Running Socks,Experience the elite design of our running socks. Perfect for training and competition.,139.37,IN_STOCK,4.8,https://storage.googleapis.com/cymbal-sports/placeholder.png
SKU-10038,Soccer,Cymbal Elite Soccer Shin Guards,Experience the elite design of our soccer shin guards. Perfect for training and competition.,191.08,IN_STOCK,4.5,https://storage.googleapis.com/cymbal-sports/placeholder.png
SKU-10039,Running,Cymbal Vent Running Vest,Experience the vent design of our running vest. Perfect for training and competition.,175.85,IN_STOCK,4.9,https://storage.googleapis.com/cymbal-sports/placeholder.png
SKU-10040,Running,Cymbal Tech Running Shoes,Experience the tech design of our running shoes. Perfect for training and competition.,155.72,IN_STOCK,4.0,https://storage.googleapis.com/cymbal-sports/placeholder.png
SKU-10041,Soccer,Cymbal Speed Soccer Cleats,Experience the speed design of our soccer cleats. Perfect for training and competition.,81.75,IN_STOCK,4.9,https://storage.googleapis.com/cymbal-sports/placeholder.png
SKU-10042,Running,Cymbal Elite Running Headband,Experience the elite design of our running headband. Perfect for training and competition.,191.58,LOW_STOCK,4.7,https://storage.googleapis.com/cymbal-sports/placeholder.png
SKU-10043,Soccer,Cymbal Elite Soccer Ball,Experience the elite design of our soccer ball. Perfect for training and competition.,28.35,IN_STOCK,4.6,https://storage.googleapis.com/cymbal-sports/placeholder.png
SKU-10044,Apparel,Cymbal Performance Apparel Leggings,Experience the performance design of our apparel leggings. Perfect for training and competition.,44.67,LOW_STOCK,5.0,https://storage.googleapis.com/cymbal-sports/placeholder.png
SKU-10045,Boxing,Cymbal Vent Boxing Gloves,Experience the vent design of our boxing gloves. Perfect for training and competition.,103.95,IN_STOCK,4.7,https://storage.googleapis.com/cymbal-sports/placeholder.png
SKU-10046,Running,Cymbal Elite Running Headband,Experience the elite design of our running headband. Perfect for training and competition.,98.17,IN_STOCK,4.9,https://storage.googleapis.com/cymbal-sports/placeholder.png
SKU-10047,Boxing,Cymbal Tech Boxing Punching Bag,Experience the tech design of our boxing punching bag. Perfect for training and competition.,49.46,IN_STOCK,3.8,https://storage.googleapis.com/cymbal-sports/placeholder.png
SKU-10048,Boxing,Cymbal Vent Boxing Punching Bag,Experience the vent design of our boxing punching bag. Perfect for training and competition.,128.15,IN_STOCK,4.6,https://storage.googleapis.com/cymbal-sports/placeholder.png
SKU-10049,Running,Cymbal Pro Running Socks,Experience the pro design of our running socks. Perfect for training and competition.,123.47,IN_STOCK,4.2,https://storage.googleapis.com/cymbal-sports/placeholder.png
SKU-10050,Running,Cymbal Vent Running Shoes,Experience the vent design of our running shoes. Perfect for training and competition.,162.22,IN_STOCK,4.7,https://storage.googleapis.com/cymbal-sports/placeholder.png
SKU-10051,Running,Cymbal Ultra Running Shorts,Experience the ultra design of our running shorts. Perfect for training and competition.,148.09,IN_STOCK,4.9,https://storage.googleapis.com/cymbal-sports/placeholder.png
SKU-10052,Running,Cymbal Pro Running Shoes,Experience the pro design of our running shoes. Perfect for training and competition.,180.66,IN_STOCK,4.2,https://storage.googleapis.com/cymbal-sports/placeholder.png
SKU-10053,Soccer,Cymbal Tech Soccer Ball,Experience the tech design of our soccer ball. Perfect for training and competition.,69.24,IN_STOCK,4.5,https://storage.googleapis.com/cymbal-sports/placeholder.png
SKU-10054,Soccer,Cymbal Ultra Soccer Cleats,Experience the ultra design of our soccer cleats. Perfect for training and competition.,190.27,IN_STOCK,3.5,https://storage.googleapis.com/cymbal-sports/placeholder.png
SKU-10055,Yoga,Cymbal Pro Yoga Strap,Experience the pro design of our yoga strap. Perfect for training and competition.,124.24,IN_STOCK,4.6,https://storage.googleapis.com/cymbal-sports/placeholder.png
SKU-10056,Apparel,Cymbal Vent Apparel Jacket,Experience the vent design of our apparel jacket. Perfect for training and competition.,25.3,IN_STOCK,4.7,https://storage.googleapis.com/cymbal-sports/placeholder.png
SKU-10057,Basketball,Cymbal Pro Basketball Jersey,Experience the pro design of our basketball jersey. Perfect for training and competition.,23.12,IN_STOCK,4.2,https://storage.googleapis.com/cymbal-sports/placeholder.png
SKU-10058,Basketball,Cymbal Lightweight Basketball Jersey,Experience the lightweight design of our basketball jersey. Perfect for training and competition.,112.27,IN_STOCK,3.8,https://storage.googleapis.com/cymbal-sports/placeholder.png
SKU-10059,Yoga,Cymbal Ultra Yoga Strap,Experience the ultra design of our yoga strap. Perfect for training and competition.,136.07,IN_STOCK,4.7,https://storage.googleapis.com/cymbal-sports/placeholder.png
SKU-10060,Yoga,Cymbal Tech Yoga Mat,Experience the tech design of our yoga mat. Perfect for training and competition.,183.16,IN_STOCK,4.7,https://storage.googleapis.com/cymbal-sports/placeholder.png
SKU-10061,Apparel,Cymbal Elite Apparel Jacket,Experience the elite design of our apparel jacket. Perfect for training and competition.,136.95,IN_STOCK,3.8,https://storage.googleapis.com/cymbal-sports/placeholder.png
SKU-10062,Basketball,Cymbal Speed Basketball Headband,Experience the speed design of our basketball headband. Perfect for training and competition.,98.56,LOW_STOCK,4.9,https://storage.googleapis.com/cymbal-sports/placeholder.png
SKU-10063,Running,Cymbal Pro Running Vest,Experience the pro design of our running vest. Perfect for training and competition.,23.4,IN_STOCK,3.5,https://storage.googleapis.com/cymbal-sports/placeholder.png
SKU-10064,Yoga,Cymbal Tech Yoga Leggings,Experience the tech design of our yoga leggings. Perfect for training and competition.,37.64,LOW_STOCK,4.6,https://storage.googleapis.com/cymbal-sports/placeholder.png
SKU-10065,Running,Cymbal Speed Running Shorts,Experience the speed design of our running shorts. Perfect for training and competition.,153.39,LOW_STOCK,4.0,https://storage.googleapis.com/cymbal-sports/placeholder.png
SKU-10066,Apparel,Cymbal Comfort Apparel Hoodie,Experience the comfort design of our apparel hoodie. Perfect for training and competition.,51.52,IN_STOCK,5.0,https://storage.googleapis.com/cymbal-sports/placeholder.png
SKU-10067,Basketball,Cymbal Lightweight Basketball Ball,Experience the lightweight design of our basketball ball. Perfect for training and competition.,177.81,IN_STOCK,4.9,https://storage.googleapis.com/cymbal-sports/placeholder.png
SKU-10068,Basketball,Cymbal Performance Basketball Jersey,Experience the performance design of our basketball jersey. Perfect for training and competition.,165.84,IN_STOCK,4.9,https://storage.googleapis.com/cymbal-sports/placeholder.png
SKU-10069,Yoga,Cymbal Vent Yoga Leggings,Experience the vent design of our yoga leggings. Perfect for training and competition.,159.31,IN_STOCK,3.5,https://storage.googleapis.com/cymbal-sports/placeholder.png
SKU-10070,Apparel,Cymbal Vent Apparel Jacket,Experience the vent design of our apparel jacket. Perfect for training and competition.,111.26,IN_STOCK,4.0,https://storage.googleapis.com/cymbal-sports/placeholder.png
SKU-10071,Soccer,Cymbal Speed Soccer Cleats,Experience the speed design of our soccer cleats. Perfect for training and competition.,189.6,IN_STOCK,4.6,https://storage.googleapis.com/cymbal-sports/placeholder.png
SKU-10072,Basketball,Cymbal Ultra Basketball Sneakers,Experience the ultra design of our basketball sneakers. Perfect for training and competition.,95.86,IN_STOCK,4.7,https://storage.googleapis.com/cymbal-sports/placeholder.png
SKU-10073,Basketball,Cymbal Elite Basketball Ball,Experience the elite design of our basketball ball. Perfect for training and competition.,125.88,LOW_STOCK,3.5,https://storage.googleapis.com/cymbal-sports/placeholder.png
SKU-10074,Apparel,Cymbal Comfort Apparel Hoodie,Experience the comfort design of our apparel hoodie. Perfect for training and competition.,71.02,LOW_STOCK,4.5,https://storage.googleapis.com/cymbal-sports/placeholder.png
SKU-10075,Running,Cymbal Pro Running Headband,Experience the pro design of our running headband. Perfect for training and competition.,168.63,IN_STOCK,4.7,https://storage.googleapis.com/cymbal-sports/placeholder.png
SKU-10076,Apparel,Cymbal Vent Apparel Jacket,Experience the vent design of our apparel jacket. Perfect for training and competition.,172.49,IN_STOCK,3.8,https://storage.googleapis.com/cymbal-sports/placeholder.png
SKU-10077,Basketball,Cymbal Lightweight Basketball Shorts,Experience the lightweight design of our basketball shorts. Perfect for training and competition.,56.99,LOW_STOCK,4.7,https://storage.googleapis.com/cymbal-sports/placeholder.png
SKU-10078,Apparel,Cymbal Elite Apparel Hoodie,Experience the elite design of our apparel hoodie. Perfect for training and competition.,89.14,IN_STOCK,3.5,https://storage.googleapis.com/cymbal-sports/placeholder.png
SKU-10079,Running,Cymbal Comfort Running Vest,Experience the comfort design of our running vest. Perfect for training and competition.,62.75,LOW_STOCK,4.0,https://storage.googleapis.com/cymbal-sports/placeholder.png
SKU-10080,Boxing,Cymbal Elite Boxing Gloves,Experience the elite design of our boxing gloves. Perfect for training and competition.,23.48,IN_STOCK,3.5,https://storage.googleapis.com/cymbal-sports/placeholder.png
SKU-10081,Soccer,Cymbal Pro Soccer Ball,Experience the pro design of our soccer ball. Perfect for training and competition.,27.45,IN_STOCK,4.2,https://storage.googleapis.com/cymbal-sports/placeholder.png
SKU-10082,Apparel,Cymbal Ultra Apparel Hat,Experience the ultra design of our apparel hat. Perfect for training and competition.,146.39,IN_STOCK,4.7,https://storage.googleapis.com/cymbal-sports/placeholder.png
SKU-10083,Boxing,Cymbal Elite Boxing Punching Bag,Experience the elite design of our boxing punching bag. Perfect for training and competition.,132.13,IN_STOCK,4.7,https://storage.googleapis.com/cymbal-sports/placeholder.png
SKU-10084,Apparel,Cymbal Lightweight Apparel Hoodie,Experience the lightweight design of our apparel hoodie. Perfect for training and competition.,120.2,IN_STOCK,4.0,https://storage.googleapis.com/cymbal-sports/placeholder.png
SKU-10085,Running,Cymbal Elite Running Headband,Experience the elite design of our running headband. Perfect for training and competition.,72.47,LOW_STOCK,4.0,https://storage.googleapis.com/cymbal-sports/placeholder.png
SKU-10086,Apparel,Cymbal Pro Apparel Leggings,Experience the pro design of our apparel leggings. Perfect for training and competition.,28.94,IN_STOCK,3.8,https://storage.googleapis.com/cymbal-sports/placeholder.png
SKU-10087,Yoga,Cymbal Pro Yoga Mat,Experience the pro design of our yoga mat. Perfect for training and competition.,133.74,IN_STOCK,4.2,https://storage.googleapis.com/cymbal-sports/placeholder.png
SKU-10088,Running,Cymbal Durable Running Vest,Experience the durable design of our running vest. Perfect for training and competition.,155.55,IN_STOCK,4.8,https://storage.googleapis.com/cymbal-sports/placeholder.png
SKU-10089,Soccer,Cymbal Tech Soccer Shorts,Experience the tech design of our soccer shorts. Perfect for training and competition.,155.33,IN_STOCK,3.8,https://storage.googleapis.com/cymbal-sports/placeholder.png
SKU-10090,Running,Cymbal Comfort Running Headband,Experience the comfort design of our running headband. Perfect for training and competition.,140.45,IN_STOCK,4.0,https://storage.googleapis.com/cymbal-sports/placeholder.png
SKU-10091,Boxing,Cymbal Performance Boxing Shoes,Experience the performance design of our boxing shoes. Perfect for training and competition.,88.07,IN_STOCK,4.7,https://storage.googleapis.com/cymbal-sports/placeholder.png
SKU-10092,Boxing,Cymbal Ultra Boxing Gloves,Experience the ultra design of our boxing gloves. Perfect for training and competition.,194.1,IN_STOCK,4.6,https://storage.googleapis.com/cymbal-sports/placeholder.png
SKU-10093,Boxing,Cymbal Speed Boxing Punching Bag,Experience the speed design of our boxing punching bag. Perfect for training and competition.,52.47,LOW_STOCK,4.6,https://storage.googleapis.com/cymbal-sports/placeholder.png
SKU-10094,Yoga,Cymbal Speed Yoga Towel,Experience the speed design of our yoga towel. Perfect for training and competition.,130.63,IN_STOCK,5.0,https://storage.googleapis.com/cymbal-sports/placeholder.png
SKU-10095,Basketball,Cymbal Lightweight Basketball Headband,Experience the lightweight design of our basketball headband. Perfect for training and competition.,131.91,LOW_STOCK,4.8,https://storage.googleapis.com/cymbal-sports/placeholder.png
SKU-10096,Yoga,Cymbal Speed Yoga Block,Experience the speed design of our yoga block. Perfect for training and competition.,55.87,IN_STOCK,4.0,https://storage.googleapis.com/cymbal-sports/placeholder.png
SKU-10097,Boxing,Cymbal Pro Boxing Wraps,Experience the pro design of our boxing wraps. Perfect for training and competition.,61.75,IN_STOCK,4.9,https://storage.googleapis.com/cymbal-sports/placeholder.png
SKU-10098,Boxing,Cymbal Ultra Boxing Shoes,Experience the ultra design of our boxing shoes. Perfect for training and competition.,57.72,IN_STOCK,4.9,https://storage.googleapis.com/cymbal-sports/placeholder.png
SKU-10099,Running,Cymbal Ultra Running Shoes,Experience the ultra design of our running shoes. Perfect for training and competition.,131.67,IN_STOCK,4.9,https://storage.googleapis.com/cymbal-sports/placeholder.png
